ID_code,DeltaAC%(v8.7-8.5),DeltaAH%(v8.7-8.5),DeltaAT%(v8.7-8.5),Use,Orient,Glass,Storage,Version
B2_O_L1_Base_S_0.12_5.9_TS1,-0.07,-0.08,-0.07,1.0,1.0,1.0,1.0,1.0
B2_O_L2_Base_S_0.12_5.9_TS1,-0.24,-0.07,-0.1,1.0,1.0,1.0,1.0,1.0
B2_O_L1_DG_E_0.2_0.8_TS2,-0.08,-0.25,-0.13,1.0,1.0,1.0,1.0,1.0
B2_O_L1_DG_E_0.2_0.8_TS3,-0.08,0.09,-0.04,1.0,1.0,1.0,1.0,1.0
B2_O_L1_DG_E_0.2_2.3_TS2,-0.08,-0.04,-0.07,1.0,1.0,1.0,1.0,1.0
B2_O_L1_DG_E_0.2_2.3_TS3,-0.08,-0.02,-0.07,1.0,1.0,1.0,1.0,1.0
B2_O_L1_DG_E_0.6_0.8_TS2,-0.09,0.13,-0.04,1.0,1.0,1.0,1.0,1.0
B2_O_L1_DG_E_0.6_0.8_TS3,-0.1,0.03,-0.07,1.0,1.0,1.0,1.0,1.0
B2_O_L1_DG_E_0.6_2.3_TS2,-0.09,-0.41,-0.16,1.0,1.0,1.0,1.0,1.0
B2_O_L1_DG_E_0.6_2.3_TS3,-0.11,-0.11,-0.11,1.0,1.0,1.0,1.0,1.0
B2_O_L1_DG_S_0.2_0.8_TS2,-0.06,-0.08,-0.06,1.0,1.0,1.0,1.0,1.0
B2_O_L1_DG_S_0.2_0.8_TS3,-0.06,-0.07,-0.07,1.0,1.0,1.0,1.0,1.0
B2_O_L1_DG_S_0.2_2.3_TS2,-0.06,0.05,-0.04,1.0,1.0,1.0,1.0,1.0
B2_O_L1_DG_S_0.2_2.3_TS3,-0.07,0.35,0.03,1.0,1.0,1.0,1.0,1.0
B2_O_L1_DG_S_0.6_0.8_TS2,-0.06,0.01,-0.05,1.0,1.0,1.0,1.0,1.0
B2_O_L1_DG_S_0.6_0.8_TS3,-0.07,-0.17,-0.09,1.0,1.0,1.0,1.0,1.0
B2_O_L1_DG_S_0.6_2.3_TS2,-0.08,-0.1,-0.08,1.0,1.0,1.0,1.0,1.0
B2_O_L1_DG_S_0.6_2.3_TS3,-0.09,0.23,-0.03,1.0,1.0,1.0,1.0,1.0
B2_O_L1_DG_W_0.2_0.8_TS2,-0.06,-0.1,-0.07,1.0,1.0,1.0,1.0,1.0
B2_O_L1_DG_W_0.2_0.8_TS3,-0.07,0.04,-0.04,1.0,1.0,1.0,1.0,1.0
B2_O_L1_DG_W_0.2_2.3_TS2,-0.07,-0.03,-0.06,1.0,1.0,1.0,1.0,1.0
B2_O_L1_DG_W_0.2_2.3_TS3,-0.08,-0.41,-0.16,1.0,1.0,1.0,1.0,1.0
B2_O_L1_DG_W_0.6_0.8_TS2,-0.07,0.35,0.02,1.0,1.0,1.0,1.0,1.0
B2_O_L1_DG_W_0.6_0.8_TS3,-0.07,-0.28,-0.12,1.0,1.0,1.0,1.0,1.0
B2_O_L1_DG_W_0.6_2.3_TS2,-0.08,0.15,-0.03,1.0,1.0,1.0,1.0,1.0
B2_O_L1_DG_W_0.6_2.3_TS3,-0.09,-0.16,-0.11,1.0,1.0,1.0,1.0,1.0
B2_O_L2_DG_E_0.2_0.8_TS2,-0.28,0.02,-0.02,1.0,1.0,1.0,1.0,1.0
B2_O_L2_DG_E_0.2_0.8_TS3,-0.28,-0.03,-0.07,1.0,1.0,1.0,1.0,1.0
B2_O_L2_DG_E_0.2_1.0_TS2,-0.28,0.14,0.08,1.0,1.0,1.0,1.0,1.0
B2_O_L2_DG_E_0.2_1.0_TS3,-0.28,-0.08,-0.11,1.0,1.0,1.0,1.0,1.0
B2_O_L2_DG_E_0.6_0.8_TS2,-0.29,0.04,-0.02,1.0,1.0,1.0,1.0,1.0
B2_O_L2_DG_E_0.6_0.8_TS3,-0.26,-0.09,-0.12,1.0,1.0,1.0,1.0,1.0
B2_O_L2_DG_E_0.6_1.0_TS2,-0.27,0.11,0.05,1.0,1.0,1.0,1.0,1.0
B2_O_L2_DG_E_0.6_1.0_TS3,-0.27,0.06,0.01,1.0,1.0,1.0,1.0,1.0
B2_O_L2_DG_S_0.2_0.8_TS2,-0.28,-0.02,-0.06,1.0,1.0,1.0,1.0,1.0
B2_O_L2_DG_S_0.2_0.8_TS3,-0.27,0.03,-0.02,1.0,1.0,1.0,1.0,1.0
B2_O_L2_DG_S_0.2_1.0_TS2,-0.29,-0.09,-0.12,1.0,1.0,1.0,1.0,1.0
B2_O_L2_DG_S_0.2_1.0_TS3,-0.26,-0.13,-0.15,1.0,1.0,1.0,1.0,1.0
B2_O_L2_DG_S_0.6_0.8_TS2,-0.23,0.13,0.07,1.0,1.0,1.0,1.0,1.0
B2_O_L2_DG_S_0.6_0.8_TS3,-0.25,0.02,-0.03,1.0,1.0,1.0,1.0,1.0
B2_O_L2_DG_S_0.6_1.0_TS2,-0.23,0.08,0.02,1.0,1.0,1.0,1.0,1.0
B2_O_L2_DG_S_0.6_1.0_TS3,-0.26,0.0,-0.05,1.0,1.0,1.0,1.0,1.0
B2_O_L2_DG_W_0.2_0.8_TS2,-0.29,-0.1,-0.13,1.0,1.0,1.0,1.0,1.0
B2_O_L2_DG_W_0.2_0.8_TS3,-0.27,-0.06,-0.1,1.0,1.0,1.0,1.0,1.0
B2_O_L2_DG_W_0.2_1.0_TS2,-0.29,0.04,-0.01,1.0,1.0,1.0,1.0,1.0
B2_O_L2_DG_W_0.2_1.0_TS3,-0.28,0.16,0.09,1.0,1.0,1.0,1.0,1.0
B2_O_L2_DG_W_0.6_0.8_TS2,-0.22,0.06,0.02,1.0,1.0,1.0,1.0,1.0
B2_O_L2_DG_W_0.6_0.8_TS3,-0.3,0.1,0.03,1.0,1.0,1.0,1.0,1.0
B2_O_L2_DG_W_0.6_1.0_TS2,-0.19,0.01,-0.02,1.0,1.0,1.0,1.0,1.0
B2_O_L2_DG_W_0.6_1.0_TS3,-0.25,-0.07,-0.1,1.0,1.0,1.0,1.0,1.0
B2_O_L1_DS_E_0.2_0.8_TS2,-0.11,-0.17,-0.12,1.0,1.0,1.0,1.0,1.0
B2_O_L1_DS_E_0.2_2.3_TS2,-0.14,-0.28,-0.17,1.0,1.0,1.0,1.0,1.0
B2_O_L1_DS_E_0.6_0.8_TS2,-0.06,0.4,0.03,1.0,1.0,1.0,1.0,1.0
B2_O_L1_DS_E_0.6_2.3_TS2,-0.19,0.21,-0.12,1.0,1.0,1.0,1.0,1.0
B2_O_L1_DS_S_0.2_0.8_TS2,-0.09,-0.01,-0.07,1.0,1.0,1.0,1.0,1.0
B2_O_L1_DS_S_0.2_2.3_TS2,-0.12,-0.2,-0.14,1.0,1.0,1.0,1.0,1.0
B2_O_L1_DS_S_0.6_0.8_TS2,-0.09,0.12,-0.05,1.0,1.0,1.0,1.0,1.0
B2_O_L1_DS_S_0.6_2.3_TS2,-0.16,-0.38,-0.2,1.0,1.0,1.0,1.0,1.0
B2_O_L1_DS_W_0.2_0.8_TS2,-0.09,-0.67,-0.21,1.0,1.0,1.0,1.0,1.0
B2_O_L1_DS_W_0.2_2.3_TS2,-0.1,-0.13,-0.11,1.0,1.0,1.0,1.0,1.0
B2_O_L1_DS_W_0.6_0.8_TS2,-0.08,0.28,-0.02,1.0,1.0,1.0,1.0,1.0
B2_O_L1_DS_W_0.6_2.3_TS2,-0.11,-0.11,-0.11,1.0,1.0,1.0,1.0,1.0
B2_O_L2_DS_E_0.2_0.8_TS2,-0.28,0.08,0.02,1.0,1.0,1.0,1.0,1.0
B2_O_L2_DS_E_0.2_1.0_TS2,-0.52,0.17,0.05,1.0,1.0,0.0,1.0,1.0
B2_O_L2_DS_E_0.6_0.8_TS2,-0.19,0.05,0.0,1.0,1.0,1.0,1.0,1.0
B2_O_L2_DS_E_0.6_1.0_TS2,-0.17,-0.06,-0.08,1.0,1.0,1.0,1.0,1.0
B2_O_L2_DS_S_0.2_0.8_TS2,-0.35,-0.02,-0.08,1.0,1.0,1.0,1.0,1.0
B2_O_L2_DS_S_0.2_1.0_TS2,-0.48,0.29,0.16,1.0,1.0,0.0,1.0,1.0
B2_O_L2_DS_S_0.6_0.8_TS2,-0.18,0.1,0.04,1.0,1.0,1.0,1.0,1.0
B2_O_L2_DS_S_0.6_1.0_TS2,-0.18,0.07,0.02,1.0,1.0,1.0,1.0,1.0
B2_O_L2_DS_W_0.2_0.8_TS2,-0.22,-0.1,-0.12,1.0,1.0,1.0,1.0,1.0
B2_O_L2_DS_W_0.2_1.0_TS2,-0.41,0.3,0.18,1.0,1.0,0.0,1.0,1.0
B2_O_L2_DS_W_0.6_0.8_TS2,-0.33,-0.05,-0.11,1.0,1.0,1.0,1.0,1.0
B2_O_L2_DS_W_0.6_1.0_TS2,-0.27,-0.04,-0.08,1.0,1.0,1.0,1.0,1.0
B2_O_L1_MW_E_0.2_0.8_TS2,-1.12,1.68,-0.46,1.0,1.0,0.0,1.0,1.0
B2_O_L1_MW_E_0.2_0.8_TS3,-0.46,1.38,-0.02,1.0,1.0,0.0,1.0,1.0
B2_O_L1_MW_E_0.2_2.3_TS2,-0.09,-0.19,-0.11,1.0,1.0,1.0,1.0,1.0
B2_O_L1_MW_E_0.2_2.3_TS3,-0.08,0.3,0.01,1.0,1.0,1.0,1.0,1.0
B2_O_L1_MW_E_0.6_0.8_TS2,-2.66,4.57,-1.13,1.0,1.0,0.0,1.0,1.0
B2_O_L1_MW_E_0.6_0.8_TS3,-1.15,3.93,-0.03,1.0,1.0,0.0,1.0,1.0
B2_O_L1_MW_E_0.6_2.3_TS2,-0.09,-0.07,-0.09,1.0,1.0,1.0,1.0,1.0
B2_O_L1_MW_E_0.6_2.3_TS3,-0.09,-0.39,-0.16,1.0,1.0,1.0,1.0,1.0
B2_O_L1_MW_S_0.2_0.8_TS2,-0.93,2.17,-0.21,1.0,1.0,0.0,1.0,1.0
B2_O_L1_MW_S_0.2_0.8_TS3,-0.44,0.52,-0.21,1.0,1.0,0.0,1.0,1.0
B2_O_L1_MW_S_0.2_2.3_TS2,-0.07,-0.06,-0.07,1.0,1.0,1.0,1.0,1.0
B2_O_L1_MW_S_0.2_2.3_TS3,-0.07,0.41,0.05,1.0,1.0,1.0,1.0,1.0
B2_O_L1_MW_S_0.6_0.8_TS2,-2.75,5.25,-1.09,1.0,1.0,0.0,1.0,1.0
B2_O_L1_MW_S_0.6_0.8_TS3,-1.06,2.06,-0.37,1.0,1.0,0.0,1.0,1.0
B2_O_L1_MW_S_0.6_2.3_TS2,-0.07,-0.3,-0.12,1.0,1.0,1.0,1.0,1.0
B2_O_L1_MW_S_0.6_2.3_TS3,-0.07,-0.02,-0.06,1.0,1.0,1.0,1.0,1.0
B2_O_L1_MW_W_0.2_0.8_TS2,-0.8,1.65,-0.24,1.0,1.0,0.0,1.0,1.0
B2_O_L1_MW_W_0.2_0.8_TS3,-0.49,1.17,-0.1,1.0,1.0,0.0,1.0,1.0
B2_O_L1_MW_W_0.2_2.3_TS2,-0.07,-0.16,-0.09,1.0,1.0,1.0,1.0,1.0
B2_O_L1_MW_W_0.2_2.3_TS3,-0.07,-0.05,-0.07,1.0,1.0,1.0,1.0,1.0
B2_O_L1_MW_W_0.6_0.8_TS2,-2.22,4.6,-0.81,1.0,1.0,0.0,1.0,1.0
B2_O_L1_MW_W_0.6_0.8_TS3,-1.15,2.82,-0.29,1.0,1.0,0.0,1.0,1.0
B2_O_L1_MW_W_0.6_2.3_TS2,-0.07,-0.19,-0.09,1.0,1.0,1.0,1.0,1.0
B2_O_L1_MW_W_0.6_2.3_TS3,-0.08,0.07,-0.05,1.0,1.0,1.0,1.0,1.0
B2_O_L2_MW_E_0.2_0.8_TS2,-2.07,0.73,0.28,1.0,1.0,0.0,1.0,1.0
B2_O_L2_MW_E_0.2_0.8_TS3,-1.16,0.47,0.21,1.0,1.0,0.0,1.0,1.0
B2_O_L2_MW_E_0.2_1.0_TS2,-2.18,0.2,-0.18,1.0,1.0,0.0,1.0,1.0
B2_O_L2_MW_E_0.2_1.0_TS3,-0.76,0.24,0.09,1.0,1.0,0.0,1.0,1.0
B2_O_L2_MW_E_0.6_0.8_TS2,-6.5,2.07,0.54,1.0,1.0,0.0,1.0,1.0
B2_O_L2_MW_E_0.6_0.8_TS3,-3.22,1.78,0.92,1.0,1.0,0.0,1.0,1.0
B2_O_L2_MW_E_0.6_1.0_TS2,-6.76,1.16,-0.24,1.0,1.0,0.0,1.0,1.0
B2_O_L2_MW_E_0.6_1.0_TS3,-2.15,0.82,0.32,1.0,1.0,0.0,1.0,1.0
B2_O_L2_MW_S_0.2_0.8_TS2,-2.12,1.1,0.58,1.0,1.0,0.0,1.0,1.0
B2_O_L2_MW_S_0.2_0.8_TS3,-1.18,0.74,0.44,1.0,1.0,0.0,1.0,1.0
B2_O_L2_MW_S_0.2_1.0_TS2,-2.13,0.83,0.36,1.0,1.0,0.0,1.0,1.0
B2_O_L2_MW_S_0.2_1.0_TS3,-1.02,0.47,0.23,1.0,1.0,0.0,1.0,1.0
B2_O_L2_MW_S_0.6_0.8_TS2,-6.71,3.42,1.55,1.0,1.0,0.0,1.0,1.0
B2_O_L2_MW_S_0.6_0.8_TS3,-2.91,2.22,1.32,1.0,1.0,0.0,1.0,1.0
B2_O_L2_MW_S_0.6_1.0_TS2,-6.9,2.59,0.87,1.0,1.0,0.0,1.0,1.0
B2_O_L2_MW_S_0.6_1.0_TS3,-2.18,1.27,0.68,1.0,1.0,0.0,1.0,1.0
B2_O_L2_MW_W_0.2_0.8_TS2,-1.86,0.64,0.24,1.0,1.0,0.0,1.0,1.0
B2_O_L2_MW_W_0.2_0.8_TS3,-1.17,0.55,0.28,1.0,1.0,0.0,1.0,1.0
B2_O_L2_MW_W_0.2_1.0_TS2,-1.92,0.22,-0.12,1.0,1.0,0.0,1.0,1.0
B2_O_L2_MW_W_0.2_1.0_TS3,-0.94,0.17,-0.01,1.0,1.0,0.0,1.0,1.0
B2_O_L2_MW_W_0.6_0.8_TS2,-6.18,1.96,0.51,1.0,1.0,0.0,1.0,1.0
B2_O_L2_MW_W_0.6_0.8_TS3,-2.91,1.55,0.79,1.0,1.0,0.0,1.0,1.0
B2_O_L2_MW_W_0.6_1.0_TS2,-6.21,0.94,-0.32,1.0,1.0,0.0,1.0,1.0
B2_O_L2_MW_W_0.6_1.0_TS3,-2.15,0.57,0.12,1.0,1.0,0.0,1.0,1.0
B2_O_L1_ST_E_0.2_0.8_TS2,-1.29,1.35,-0.65,1.0,1.0,1.0,1.0,1.0
B2_O_L1_ST_E_0.2_0.8_TS3,-1.25,1.49,-0.58,1.0,1.0,1.0,1.0,1.0
B2_O_L1_ST_E_0.2_2.3_TS2,-0.09,-0.42,-0.17,1.0,1.0,1.0,1.0,1.0
B2_O_L1_ST_E_0.2_2.3_TS3,-0.09,0.16,-0.02,1.0,1.0,1.0,1.0,1.0
B2_O_L1_ST_E_0.6_0.8_TS2,-0.57,1.0,-0.2,1.0,1.0,0.0,1.0,1.0
B2_O_L1_ST_E_0.6_0.8_TS3,-0.49,0.65,-0.22,1.0,1.0,0.0,1.0,1.0
B2_O_L1_ST_E_0.6_2.3_TS2,-0.08,-0.03,-0.07,1.0,1.0,1.0,1.0,1.0
B2_O_L1_ST_E_0.6_2.3_TS3,-0.09,-0.23,-0.12,1.0,1.0,1.0,1.0,1.0
B2_O_L1_ST_S_0.2_0.8_TS2,-0.94,2.47,-0.1,1.0,1.0,1.0,1.0,1.0
B2_O_L1_ST_S_0.2_0.8_TS3,-0.89,2.6,-0.02,1.0,1.0,1.0,1.0,1.0
B2_O_L1_ST_S_0.2_2.3_TS2,-0.07,0.04,-0.04,1.0,1.0,1.0,1.0,1.0
B2_O_L1_ST_S_0.2_2.3_TS3,-0.07,0.08,-0.03,1.0,1.0,1.0,1.0,1.0
B2_O_L1_ST_S_0.6_0.8_TS2,-0.66,0.5,-0.37,1.0,1.0,0.0,1.0,1.0
B2_O_L1_ST_S_0.6_0.8_TS3,-0.54,0.77,-0.22,1.0,1.0,0.0,1.0,1.0
B2_O_L1_ST_S_0.6_2.3_TS2,-0.07,0.38,0.04,1.0,1.0,1.0,1.0,1.0
B2_O_L1_ST_S_0.6_2.3_TS3,-0.07,0.07,-0.03,1.0,1.0,1.0,1.0,1.0
B2_O_L1_ST_W_0.2_0.8_TS2,-0.98,0.86,-0.54,1.0,1.0,1.0,1.0,1.0
B2_O_L1_ST_W_0.2_0.8_TS3,-0.93,1.35,-0.38,1.0,1.0,1.0,1.0,1.0
B2_O_L1_ST_W_0.2_2.3_TS2,-0.08,-0.13,-0.09,1.0,1.0,1.0,1.0,1.0
B2_O_L1_ST_W_0.2_2.3_TS3,-0.08,-0.43,-0.16,1.0,1.0,1.0,1.0,1.0
B2_O_L1_ST_W_0.6_0.8_TS2,-0.58,0.72,-0.27,1.0,1.0,0.0,1.0,1.0
B2_O_L1_ST_W_0.6_0.8_TS3,-0.43,0.68,-0.16,1.0,1.0,0.0,1.0,1.0
B2_O_L1_ST_W_0.6_2.3_TS2,-0.07,0.27,0.01,1.0,1.0,1.0,1.0,1.0
B2_O_L1_ST_W_0.6_2.3_TS3,-0.07,0.07,-0.04,1.0,1.0,1.0,1.0,1.0
B2_O_L2_ST_E_0.2_0.8_TS2,-1.98,1.18,0.69,1.0,1.0,1.0,1.0,1.0
B2_O_L2_ST_E_0.2_0.8_TS3,-1.81,1.09,0.63,1.0,1.0,1.0,1.0,1.0
B2_O_L2_ST_E_0.2_1.0_TS2,-1.9,1.19,0.72,1.0,1.0,0.0,1.0,1.0
B2_O_L2_ST_E_0.2_1.0_TS3,-1.83,0.89,0.47,1.0,1.0,0.0,1.0,1.0
B2_O_L2_ST_E_0.6_0.8_TS2,-1.07,1.63,1.21,1.0,1.0,0.0,1.0,1.0
B2_O_L2_ST_E_0.6_0.8_TS3,-0.94,1.14,0.81,1.0,1.0,0.0,1.0,1.0
B2_O_L2_ST_E_0.6_1.0_TS2,-1.06,0.7,0.43,1.0,1.0,0.0,1.0,1.0
B2_O_L2_ST_E_0.6_1.0_TS3,-0.89,0.47,0.26,1.0,1.0,0.0,1.0,1.0
B2_O_L2_ST_S_0.2_0.8_TS2,-1.73,2.07,1.47,1.0,1.0,1.0,1.0,1.0
B2_O_L2_ST_S_0.2_0.8_TS3,-1.61,1.59,1.09,1.0,1.0,1.0,1.0,1.0
B2_O_L2_ST_S_0.2_1.0_TS2,-1.54,1.68,1.18,1.0,1.0,0.0,1.0,1.0
B2_O_L2_ST_S_0.2_1.0_TS3,-1.56,1.46,0.99,1.0,1.0,0.0,1.0,1.0
B2_O_L2_ST_S_0.6_0.8_TS2,-1.13,1.86,1.39,1.0,1.0,0.0,1.0,1.0
B2_O_L2_ST_S_0.6_0.8_TS3,-0.89,1.22,0.89,1.0,1.0,0.0,1.0,1.0
B2_O_L2_ST_S_0.6_1.0_TS2,-1.17,1.18,0.82,1.0,1.0,0.0,1.0,1.0
B2_O_L2_ST_S_0.6_1.0_TS3,-0.89,0.4,0.2,1.0,1.0,0.0,1.0,1.0
B2_O_L2_ST_W_0.2_0.8_TS2,-1.47,1.14,0.73,1.0,1.0,1.0,1.0,1.0
B2_O_L2_ST_W_0.2_0.8_TS3,-1.47,0.97,0.59,1.0,1.0,1.0,1.0,1.0
B2_O_L2_ST_W_0.2_1.0_TS2,-1.6,1.09,0.67,1.0,1.0,0.0,1.0,1.0
B2_O_L2_ST_W_0.2_1.0_TS3,-1.34,0.95,0.59,1.0,1.0,0.0,1.0,1.0
B2_O_L2_ST_W_0.6_0.8_TS2,-1.05,1.6,1.19,1.0,1.0,0.0,1.0,1.0
B2_O_L2_ST_W_0.6_0.8_TS3,-0.77,1.14,0.84,1.0,1.0,0.0,1.0,1.0
B2_O_L2_ST_W_0.6_1.0_TS2,-0.99,0.68,0.43,1.0,1.0,0.0,1.0,1.0
B2_O_L2_ST_W_0.6_1.0_TS3,-0.86,0.3,0.12,1.0,1.0,0.0,1.0,1.0
B2_R_L1_Base_S_0.12_5.9_TS1,-0.06,-0.35,-0.13,1.0,1.0,1.0,1.0,1.0
B2_R_L2_Base_S_0.12_5.9_TS1,-0.24,0.03,-0.0,1.0,1.0,1.0,1.0,1.0
B2_R_L1_DG_E_0.2_0.8_TS2,-0.06,-0.43,-0.16,1.0,1.0,1.0,1.0,1.0
B2_R_L1_DG_E_0.2_0.8_TS3,-0.06,-0.29,-0.12,1.0,1.0,1.0,1.0,1.0
B2_R_L1_DG_E_0.2_2.3_TS2,-0.07,-0.33,-0.13,1.0,1.0,1.0,1.0,1.0
B2_R_L1_DG_E_0.2_2.3_TS3,-0.05,-0.24,-0.1,1.0,1.0,1.0,1.0,1.0
B2_R_L1_DG_E_0.6_0.8_TS2,-0.06,0.23,0.01,1.0,1.0,1.0,1.0,1.0
B2_R_L1_DG_E_0.6_0.8_TS3,-0.06,-0.24,-0.1,1.0,1.0,1.0,1.0,1.0
B2_R_L1_DG_E_0.6_2.3_TS2,-0.08,0.16,-0.03,1.0,1.0,1.0,1.0,1.0
B2_R_L1_DG_E_0.6_2.3_TS3,-0.09,-0.94,-0.25,1.0,1.0,1.0,1.0,1.0
B2_R_L1_DG_S_0.2_0.8_TS2,-0.06,-0.38,-0.14,1.0,1.0,1.0,1.0,1.0
B2_R_L1_DG_S_0.2_0.8_TS3,-0.06,-0.02,-0.05,1.0,1.0,1.0,1.0,1.0
B2_R_L1_DG_S_0.2_2.3_TS2,-0.06,-0.41,-0.15,1.0,1.0,1.0,1.0,1.0
B2_R_L1_DG_S_0.2_2.3_TS3,-0.07,-0.03,-0.06,1.0,1.0,1.0,1.0,1.0
B2_R_L1_DG_S_0.6_0.8_TS2,-0.07,0.1,-0.03,1.0,1.0,1.0,1.0,1.0
B2_R_L1_DG_S_0.6_0.8_TS3,-0.09,0.43,0.03,1.0,1.0,1.0,1.0,1.0
B2_R_L1_DG_S_0.6_2.3_TS2,-0.12,-0.45,-0.18,1.0,1.0,1.0,1.0,1.0
B2_R_L1_DG_S_0.6_2.3_TS3,-0.1,0.24,-0.03,1.0,1.0,1.0,1.0,1.0
B2_R_L1_DG_W_0.2_0.8_TS2,-0.06,0.44,0.06,1.0,1.0,1.0,1.0,1.0
B2_R_L1_DG_W_0.2_0.8_TS3,-0.06,0.05,-0.03,1.0,1.0,1.0,1.0,1.0
B2_R_L1_DG_W_0.2_2.3_TS2,-0.07,-1.04,-0.3,1.0,1.0,1.0,1.0,1.0
B2_R_L1_DG_W_0.2_2.3_TS3,-0.06,0.21,0.0,1.0,1.0,1.0,1.0,1.0
B2_R_L1_DG_W_0.6_0.8_TS2,-0.07,-0.03,-0.06,1.0,1.0,1.0,1.0,1.0
B2_R_L1_DG_W_0.6_0.8_TS3,-0.07,0.06,-0.04,1.0,1.0,1.0,1.0,1.0
B2_R_L1_DG_W_0.6_2.3_TS2,-0.07,0.31,0.01,1.0,1.0,1.0,1.0,1.0
B2_R_L1_DG_W_0.6_2.3_TS3,-0.06,0.64,0.08,1.0,1.0,1.0,1.0,1.0
B2_R_L2_DG_E_0.2_0.8_TS2,-0.28,-0.03,-0.05,1.0,1.0,1.0,1.0,1.0
B2_R_L2_DG_E_0.2_0.8_TS3,-0.26,-0.01,-0.04,1.0,1.0,1.0,1.0,1.0
B2_R_L2_DG_E_0.2_1.0_TS2,-0.29,-0.0,-0.03,1.0,1.0,1.0,1.0,1.0
B2_R_L2_DG_E_0.2_1.0_TS3,-0.27,0.0,-0.03,1.0,1.0,1.0,1.0,1.0
B2_R_L2_DG_E_0.6_0.8_TS2,-0.25,-0.01,-0.04,1.0,1.0,1.0,1.0,1.0
B2_R_L2_DG_E_0.6_0.8_TS3,-0.21,-0.02,-0.04,1.0,1.0,1.0,1.0,1.0
B2_R_L2_DG_E_0.6_1.0_TS2,-0.25,-0.01,-0.04,1.0,1.0,1.0,1.0,1.0
B2_R_L2_DG_E_0.6_1.0_TS3,-0.22,-0.0,-0.03,1.0,1.0,1.0,1.0,1.0
B2_R_L2_DG_S_0.2_0.8_TS2,-0.27,0.0,-0.03,1.0,1.0,1.0,1.0,1.0
B2_R_L2_DG_S_0.2_0.8_TS3,-0.23,0.0,-0.03,1.0,1.0,1.0,1.0,1.0
B2_R_L2_DG_S_0.2_1.0_TS2,-0.27,-0.0,-0.03,1.0,1.0,1.0,1.0,1.0
B2_R_L2_DG_S_0.2_1.0_TS3,-0.25,0.02,-0.01,1.0,1.0,1.0,1.0,1.0
B2_R_L2_DG_S_0.6_0.8_TS2,-0.19,-0.0,-0.03,1.0,1.0,1.0,1.0,1.0
B2_R_L2_DG_S_0.6_0.8_TS3,-0.19,0.03,-0.0,1.0,1.0,1.0,1.0,1.0
B2_R_L2_DG_S_0.6_1.0_TS2,-0.24,-0.01,-0.04,1.0,1.0,1.0,1.0,1.0
B2_R_L2_DG_S_0.6_1.0_TS3,-0.21,0.01,-0.02,1.0,1.0,1.0,1.0,1.0
B2_R_L2_DG_W_0.2_0.8_TS2,-0.28,0.0,-0.03,1.0,1.0,1.0,1.0,1.0
B2_R_L2_DG_W_0.2_0.8_TS3,-0.26,0.01,-0.02,1.0,1.0,1.0,1.0,1.0
B2_R_L2_DG_W_0.2_1.0_TS2,-0.28,0.02,-0.01,1.0,1.0,1.0,1.0,1.0
B2_R_L2_DG_W_0.2_1.0_TS3,3.31,-0.4,0.0,1.0,0.0,1.0,1.0,1.0
B2_R_L2_DG_W_0.6_0.8_TS2,-0.22,-0.01,-0.03,1.0,1.0,1.0,1.0,1.0
B2_R_L2_DG_W_0.6_0.8_TS3,-0.2,0.01,-0.02,1.0,1.0,1.0,1.0,1.0
B2_R_L2_DG_W_0.6_1.0_TS2,-0.22,0.01,-0.02,1.0,1.0,1.0,1.0,1.0
B2_R_L2_DG_W_0.6_1.0_TS3,-0.23,-0.0,-0.03,1.0,1.0,1.0,1.0,1.0
B2_R_L1_DS_E_0.2_0.8_TS2,-0.08,0.26,-0.01,1.0,1.0,1.0,1.0,1.0
B2_R_L1_DS_E_0.2_2.3_TS2,-0.09,0.58,0.03,1.0,1.0,1.0,1.0,1.0
B2_R_L1_DS_E_0.6_0.8_TS2,-0.1,-0.55,-0.18,1.0,1.0,1.0,1.0,1.0
B2_R_L1_DS_E_0.6_2.3_TS2,-0.13,0.56,-0.03,1.0,1.0,1.0,1.0,1.0
B2_R_L1_DS_S_0.2_0.8_TS2,-0.07,1.3,0.22,1.0,1.0,1.0,1.0,1.0
B2_R_L1_DS_S_0.2_2.3_TS2,-0.1,-0.36,-0.15,1.0,1.0,1.0,1.0,1.0
B2_R_L1_DS_S_0.6_0.8_TS2,-0.11,0.09,-0.07,1.0,1.0,1.0,1.0,1.0
B2_R_L1_DS_S_0.6_2.3_TS2,-0.1,-0.26,-0.13,1.0,1.0,1.0,1.0,1.0
B2_R_L1_DS_W_0.2_0.8_TS2,-0.07,0.44,0.04,1.0,1.0,1.0,1.0,1.0
B2_R_L1_DS_W_0.2_2.3_TS2,-0.11,0.07,-0.08,1.0,1.0,1.0,1.0,1.0
B2_R_L1_DS_W_0.6_0.8_TS2,-0.06,-0.83,-0.2,1.0,1.0,1.0,1.0,1.0
B2_R_L1_DS_W_0.6_2.3_TS2,-0.03,0.78,0.1,1.0,1.0,1.0,1.0,1.0
B2_R_L2_DS_E_0.2_0.8_TS2,-0.21,-0.01,-0.04,1.0,1.0,1.0,1.0,1.0
B2_R_L2_DS_E_0.2_1.0_TS2,-0.66,0.23,0.11,1.0,1.0,0.0,1.0,1.0
B2_R_L2_DS_E_0.6_0.8_TS2,-0.16,0.01,-0.02,1.0,1.0,1.0,1.0,1.0
B2_R_L2_DS_E_0.6_1.0_TS2,-0.19,0.01,-0.03,1.0,1.0,1.0,1.0,1.0
B2_R_L2_DS_S_0.2_0.8_TS2,-0.18,0.01,-0.02,1.0,1.0,1.0,1.0,1.0
B2_R_L2_DS_S_0.2_1.0_TS2,-0.68,0.2,0.07,1.0,1.0,0.0,1.0,1.0
B2_R_L2_DS_S_0.6_0.8_TS2,-0.05,0.01,-0.0,1.0,1.0,1.0,1.0,1.0
B2_R_L2_DS_S_0.6_1.0_TS2,-0.09,0.0,-0.01,1.0,1.0,1.0,1.0,1.0
B2_R_L2_DS_W_0.2_0.8_TS2,-0.21,0.02,-0.01,1.0,1.0,1.0,1.0,1.0
B2_R_L2_DS_W_0.2_1.0_TS2,-0.6,0.25,0.13,1.0,1.0,0.0,1.0,1.0
B2_R_L2_DS_W_0.6_0.8_TS2,-0.18,0.0,-0.03,1.0,1.0,1.0,1.0,1.0
B2_R_L2_DS_W_0.6_1.0_TS2,-0.14,-0.02,-0.04,1.0,1.0,1.0,1.0,1.0
B2_R_L1_MW_E_0.2_0.8_TS2,-2.54,1.82,-1.54,1.0,1.0,0.0,1.0,1.0
B2_R_L1_MW_E_0.2_0.8_TS3,-1.53,2.46,-0.62,1.0,1.0,0.0,1.0,1.0
B2_R_L1_MW_E_0.2_2.3_TS2,-0.03,0.41,0.08,1.0,1.0,1.0,1.0,1.0
B2_R_L1_MW_E_0.2_2.3_TS3,-0.05,0.1,-0.02,1.0,1.0,1.0,1.0,1.0
B2_R_L1_MW_E_0.6_0.8_TS2,-4.63,3.5,-2.99,1.0,1.0,0.0,1.0,1.0
B2_R_L1_MW_E_0.6_0.8_TS3,-2.67,4.64,-1.16,1.0,1.0,0.0,1.0,1.0
B2_R_L1_MW_E_0.6_2.3_TS2,-0.07,-0.19,-0.09,1.0,1.0,1.0,1.0,1.0
B2_R_L1_MW_E_0.6_2.3_TS3,-0.07,0.14,-0.02,1.0,1.0,1.0,1.0,1.0
B2_R_L1_MW_S_0.2_0.8_TS2,-2.56,1.73,-1.55,1.0,1.0,0.0,1.0,1.0
B2_R_L1_MW_S_0.2_0.8_TS3,0.05,0.72,0.21,1.0,1.0,0.0,1.0,1.0
B2_R_L1_MW_S_0.2_2.3_TS2,-0.05,-0.14,-0.07,1.0,1.0,1.0,1.0,1.0
B2_R_L1_MW_S_0.2_2.3_TS3,-0.05,0.44,0.07,1.0,1.0,1.0,1.0,1.0
B2_R_L1_MW_S_0.6_0.8_TS2,-4.84,2.51,-3.28,1.0,1.0,0.0,1.0,1.0
B2_R_L1_MW_S_0.6_0.8_TS3,-1.06,0.85,-0.63,1.0,1.0,0.0,1.0,1.0
B2_R_L1_MW_S_0.6_2.3_TS2,-0.07,0.09,-0.03,1.0,1.0,1.0,1.0,1.0
B2_R_L1_MW_S_0.6_2.3_TS3,-0.06,-0.81,-0.23,1.0,1.0,1.0,1.0,1.0
B2_R_L1_MW_W_0.2_0.8_TS2,-1.81,1.77,-1.02,1.0,1.0,0.0,1.0,1.0
B2_R_L1_MW_W_0.2_0.8_TS3,-0.86,1.3,-0.37,1.0,1.0,0.0,1.0,1.0
B2_R_L1_MW_W_0.2_2.3_TS2,-0.02,0.1,0.01,1.0,1.0,1.0,1.0,1.0
B2_R_L1_MW_W_0.2_2.3_TS3,-0.03,-0.21,-0.07,1.0,1.0,1.0,1.0,1.0
B2_R_L1_MW_W_0.6_0.8_TS2,-4.01,3.89,-2.45,1.0,1.0,0.0,1.0,1.0
B2_R_L1_MW_W_0.6_0.8_TS3,-1.91,3.12,-0.87,1.0,1.0,0.0,1.0,1.0
B2_R_L1_MW_W_0.6_2.3_TS2,-0.03,-0.08,-0.04,1.0,1.0,1.0,1.0,1.0
B2_R_L1_MW_W_0.6_2.3_TS3,-0.05,-0.24,-0.09,1.0,1.0,1.0,1.0,1.0
B2_R_L2_MW_E_0.2_0.8_TS2,-5.22,0.59,-0.13,1.0,1.0,0.0,1.0,1.0
B2_R_L2_MW_E_0.2_0.8_TS3,-3.3,0.49,0.02,1.0,1.0,0.0,1.0,1.0
B2_R_L2_MW_E_0.2_1.0_TS2,-5.67,0.3,-0.44,1.0,1.0,0.0,1.0,1.0
B2_R_L2_MW_E_0.2_1.0_TS3,-3.31,0.25,-0.18,1.0,1.0,0.0,1.0,1.0
B2_R_L2_MW_E_0.6_0.8_TS2,-12.59,1.66,-0.52,1.0,1.0,0.0,1.0,1.0
B2_R_L2_MW_E_0.6_0.8_TS3,-6.88,1.44,0.23,1.0,1.0,0.0,1.0,1.0
B2_R_L2_MW_E_0.6_1.0_TS2,-12.67,0.78,-1.24,1.0,1.0,0.0,1.0,1.0
B2_R_L2_MW_E_0.6_1.0_TS3,-5.63,0.69,-0.21,1.0,1.0,0.0,1.0,1.0
B2_R_L2_MW_S_0.2_0.8_TS2,-5.03,0.88,0.11,1.0,1.0,0.0,1.0,1.0
B2_R_L2_MW_S_0.2_0.8_TS3,-1.83,0.7,0.38,1.0,1.0,0.0,1.0,1.0
B2_R_L2_MW_S_0.2_1.0_TS2,-5.63,0.65,-0.17,1.0,1.0,0.0,1.0,1.0
B2_R_L2_MW_S_0.2_1.0_TS3,-1.62,0.49,0.22,1.0,1.0,0.0,1.0,1.0
B2_R_L2_MW_S_0.6_0.8_TS2,-11.67,2.67,0.36,1.0,1.0,0.0,1.0,1.0
B2_R_L2_MW_S_0.6_0.8_TS3,-4.86,1.92,0.9,1.0,1.0,0.0,1.0,1.0
B2_R_L2_MW_S_0.6_1.0_TS2,-12.26,1.95,-0.3,1.0,1.0,0.0,1.0,1.0
B2_R_L2_MW_S_0.6_1.0_TS3,-4.22,1.18,0.38,1.0,1.0,0.0,1.0,1.0
B2_R_L2_MW_W_0.2_0.8_TS2,-4.36,0.55,-0.06,1.0,1.0,0.0,1.0,1.0
B2_R_L2_MW_W_0.2_0.8_TS3,-2.59,0.5,0.13,1.0,1.0,0.0,1.0,1.0
B2_R_L2_MW_W_0.2_1.0_TS2,-5.16,0.3,-0.38,1.0,1.0,0.0,1.0,1.0
B2_R_L2_MW_W_0.2_1.0_TS3,-2.39,0.26,-0.06,1.0,1.0,0.0,1.0,1.0
B2_R_L2_MW_W_0.6_0.8_TS2,-10.63,1.67,-0.18,1.0,1.0,0.0,1.0,1.0
B2_R_L2_MW_W_0.6_0.8_TS3,-5.72,1.39,0.38,1.0,1.0,0.0,1.0,1.0
B2_R_L2_MW_W_0.6_1.0_TS2,-11.54,0.81,-1.03,1.0,1.0,0.0,1.0,1.0
B2_R_L2_MW_W_0.6_1.0_TS3,-5.14,0.67,-0.14,1.0,1.0,0.0,1.0,1.0
B2_R_L1_ST_E_0.2_0.8_TS2,-3.57,3.7,-2.01,1.0,1.0,1.0,1.0,1.0
B2_R_L1_ST_E_0.2_0.8_TS3,-3.5,2.16,-2.29,1.0,1.0,1.0,1.0,1.0
B2_R_L1_ST_E_0.2_2.3_TS2,-0.06,-0.29,-0.12,1.0,1.0,1.0,1.0,1.0
B2_R_L1_ST_E_0.2_2.3_TS3,-0.06,-0.36,-0.13,1.0,1.0,1.0,1.0,1.0
B2_R_L1_ST_E_0.6_0.8_TS2,-1.51,3.5,-0.5,1.0,1.0,0.0,1.0,1.0
B2_R_L1_ST_E_0.6_0.8_TS3,-1.27,2.19,-0.57,1.0,1.0,0.0,1.0,1.0
B2_R_L1_ST_E_0.6_2.3_TS2,-0.05,-0.29,-0.1,1.0,1.0,1.0,1.0,1.0
B2_R_L1_ST_E_0.6_2.3_TS3,-0.06,-0.14,-0.08,1.0,1.0,1.0,1.0,1.0
B2_R_L1_ST_S_0.2_0.8_TS2,-2.92,2.62,-1.66,1.0,1.0,1.0,1.0,1.0
B2_R_L1_ST_S_0.2_0.8_TS3,-2.93,2.58,-1.67,1.0,1.0,1.0,1.0,1.0
B2_R_L1_ST_S_0.2_2.3_TS2,-0.05,0.17,0.0,1.0,1.0,1.0,1.0,1.0
B2_R_L1_ST_S_0.2_2.3_TS3,-0.06,-0.65,-0.2,1.0,1.0,1.0,1.0,1.0
B2_R_L1_ST_S_0.6_0.8_TS2,-1.54,2.32,-0.7,1.0,1.0,0.0,1.0,1.0
B2_R_L1_ST_S_0.6_0.8_TS3,-1.44,1.39,-0.83,1.0,1.0,0.0,1.0,1.0
B2_R_L1_ST_S_0.6_2.3_TS2,-0.05,1.5,0.3,1.0,1.0,1.0,1.0,1.0
B2_R_L1_ST_S_0.6_2.3_TS3,-0.05,-0.13,-0.07,1.0,1.0,1.0,1.0,1.0
B2_R_L1_ST_W_0.2_0.8_TS2,-2.22,2.66,-1.21,1.0,1.0,1.0,1.0,1.0
B2_R_L1_ST_W_0.2_0.8_TS3,-2.19,1.5,-1.42,1.0,1.0,1.0,1.0,1.0
B2_R_L1_ST_W_0.2_2.3_TS2,-0.06,0.27,0.01,1.0,1.0,1.0,1.0,1.0
B2_R_L1_ST_W_0.2_2.3_TS3,-0.05,0.66,0.1,1.0,1.0,1.0,1.0,1.0
B2_R_L1_ST_W_0.6_0.8_TS2,-1.38,2.57,-0.6,1.0,1.0,0.0,1.0,1.0
B2_R_L1_ST_W_0.6_0.8_TS3,-1.26,2.33,-0.55,1.0,1.0,0.0,1.0,1.0
B2_R_L1_ST_W_0.6_2.3_TS2,-0.05,0.22,0.01,1.0,1.0,1.0,1.0,1.0
B2_R_L1_ST_W_0.6_2.3_TS3,-0.05,0.05,-0.03,1.0,1.0,1.0,1.0,1.0
B2_R_L2_ST_E_0.2_0.8_TS2,-6.89,1.36,0.38,1.0,1.0,1.0,1.0,1.0
B2_R_L2_ST_E_0.2_0.8_TS3,-6.54,1.36,0.41,1.0,1.0,1.0,1.0,1.0
B2_R_L2_ST_E_0.2_1.0_TS2,-6.5,1.05,0.17,1.0,1.0,0.0,1.0,1.0
B2_R_L2_ST_E_0.2_1.0_TS3,-6.55,1.13,0.22,1.0,1.0,0.0,1.0,1.0
B2_R_L2_ST_E_0.6_0.8_TS2,-3.65,2.14,1.43,1.0,1.0,0.0,1.0,1.0
B2_R_L2_ST_E_0.6_0.8_TS3,-2.98,2.05,1.42,1.0,1.0,0.0,1.0,1.0
B2_R_L2_ST_E_0.6_1.0_TS2,-2.0,0.92,0.57,1.0,1.0,0.0,1.0,1.0
B2_R_L2_ST_E_0.6_1.0_TS3,-2.35,1.1,0.67,1.0,1.0,0.0,1.0,1.0
B2_R_L2_ST_S_0.2_0.8_TS2,-6.17,1.98,0.94,1.0,1.0,1.0,1.0,1.0
B2_R_L2_ST_S_0.2_0.8_TS3,-1.47,1.09,0.76,1.0,1.0,1.0,1.0,1.0
B2_R_L2_ST_S_0.2_1.0_TS2,-5.59,1.64,0.74,1.0,1.0,0.0,1.0,1.0
B2_R_L2_ST_S_0.2_1.0_TS3,-5.62,1.74,0.8,1.0,1.0,0.0,1.0,1.0
B2_R_L2_ST_S_0.6_0.8_TS2,-3.66,2.94,2.05,1.0,1.0,0.0,1.0,1.0
B2_R_L2_ST_S_0.6_0.8_TS3,-3.01,2.69,1.91,1.0,1.0,0.0,1.0,1.0
B2_R_L2_ST_S_0.6_1.0_TS2,-1.64,1.7,1.27,1.0,1.0,0.0,1.0,1.0
B2_R_L2_ST_S_0.6_1.0_TS3,-2.32,1.65,1.12,1.0,1.0,0.0,1.0,1.0
B2_R_L2_ST_W_0.2_0.8_TS2,-5.18,1.36,0.57,1.0,1.0,1.0,1.0,1.0
B2_R_L2_ST_W_0.2_0.8_TS3,-4.76,1.26,0.52,1.0,1.0,1.0,1.0,1.0
B2_R_L2_ST_W_0.2_1.0_TS2,-4.29,1.0,0.37,1.0,1.0,0.0,1.0,1.0
B2_R_L2_ST_W_0.2_1.0_TS3,-4.33,1.0,0.35,1.0,1.0,0.0,1.0,1.0
B2_R_L2_ST_W_0.6_0.8_TS2,-3.16,2.17,1.5,1.0,1.0,0.0,1.0,1.0
B2_R_L2_ST_W_0.6_0.8_TS3,-2.46,2.0,1.43,1.0,1.0,0.0,1.0,1.0
B2_R_L2_ST_W_0.6_1.0_TS2,-1.27,0.97,0.7,1.0,1.0,0.0,1.0,1.0
B2_R_L2_ST_W_0.6_1.0_TS3,-1.57,1.02,0.7,1.0,1.0,0.0,1.0,1.0
